Workbook

Sheet Raw Data
A1: Customer_ID | B1: Name | C1: City | D1: Age | E1: Email | F1: Status
A2: C001 | B2: Rahul Sharma | C2: Lucknow | D2: 22 | E2: rahul@gmail.com | F2: Active
A3: C002 | B3: Priya Singh | C3: Delhi | D3: 24 | E3: priya@gmail.com | F3: Active
A4: C003 | B4: Rahul Sharma | C4: Lucknow | D4: 22 | E4: rahul@gmail.com | F4: Active
A5: C004 | B5: Arman Khan | C5: Mumbai | D5: 19 | E5: arman@gmail.com | F5: Active
A6: C005 | B6: Zoya Ali | C6: Lucknow | D6: 21 | E6: zoya@gmail.com | F6: Inactive
A7: C006 | B7: Priya Singh | C7: Delhi | D7: 24 | E7: priya@gmail.com | F7: Active
A8: C007 | B8: Hamza Ahmed | C8: Lucknow | D8: 25 | E8: hamza@gmail.com | F8: Active
A9: C008 | B9: Sara Khan | C9: Delhi | D9: 20 | E9: sara@gmail.com | F9: Active
A10: C009 | B10: Arman Khan | C10: Mumbai | D10: 19 | E10: arman@gmail.com | F10: Active
A11: C010 | B11: Fatima Ali | C11: Lucknow | D11: 23 | E11: fatima@gmail.com | F11: Active

Sheet Cleaned Data
A1: Customer_ID | B1: C-Name | C1: City | D1: Age | E1: Email | F1: Status | H1: Cleaned Name | I1: Standarized City | J1: Cleaned Email | L1: Duplicate Status | M1: Age Category
A2: C001 | B2: Rahul Sharma | C2: Lucknow | D2: 22 | E2: rahul@gmail.com | F2: Active | H2: =PROPER(TRIM(B2)) -> Rahul Sharma | I2: =PROPER(TRIM(C2)) -> Lucknow | J2: =TRIM(E2) -> rahul@gmail.com | L2: =IF(COUNTIF(B2:B11,B2)>1,"Duplicate","Unique") -> Duplicate | M2: {=_xlfn.IFS(D2<21,"Young",D2<=25,"Adult",D2>25,"Senior")} -> Adult
A3: C002 | B3: Priya Singh | C3: Delhi | D3: 24 | E3: priya@gmail.com | F3: Active | H3: =PROPER(TRIM(B3)) -> Priya Singh | I3: =PROPER(TRIM(C3)) -> Delhi | J3: =TRIM(E3) -> priya@gmail.com | L3: =IF(COUNTIF(B3:B12,B3)>1,"Duplicate","Unique") -> Duplicate | M3: {=_xlfn.IFS(D3<21,"Young",D3<=25,"Adult",D3>25,"Senior")} -> Adult
A4: C003 | B4: Rahul Sharma | C4: Lucknow | D4: 22 | E4: rahul@gmail.com | F4: Active | H4: =PROPER(TRIM(B4)) -> Rahul Sharma | I4: =PROPER(TRIM(C4)) -> Lucknow | J4: =TRIM(E4) -> rahul@gmail.com | L4: =IF(COUNTIF(B4:B13,B4)>1,"Duplicate","Unique") -> Unique | M4: {=_xlfn.IFS(D4<21,"Young",D4<=25,"Adult",D4>25,"Senior")} -> Adult
A5: C004 | B5: Arman Khan | C5: Mumbai | D5: 19 | E5: arman@gmail.com | F5: Active | H5: =PROPER(TRIM(B5)) -> Arman Khan | I5: =PROPER(TRIM(C5)) -> Mumbai | J5: =TRIM(E5) -> arman@gmail.com | L5: =IF(COUNTIF(B5:B14,B5)>1,"Duplicate","Unique") -> Duplicate | M5: {=_xlfn.IFS(D5<21,"Young",D5<=25,"Adult",D5>25,"Senior")} -> Young
A6: C005 | B6: Zoya Ali | C6: Lucknow | D6: 21 | E6: zoya@gmail.com | F6: Inactive | H6: =PROPER(TRIM(B6)) -> Zoya Ali | I6: =PROPER(TRIM(C6)) -> Lucknow | J6: =TRIM(E6) -> zoya@gmail.com | L6: =IF(COUNTIF(B6:B15,B6)>1,"Duplicate","Unique") -> Unique | M6: {=_xlfn.IFS(D6<21,"Young",D6<=25,"Adult",D6>25,"Senior")} -> Adult
A7: C006 | B7: Priya Singh | C7: Delhi | D7: 24 | E7: priya@gmail.com | F7: Active | H7: =PROPER(TRIM(B7)) -> Priya Singh | I7: =PROPER(TRIM(C7)) -> Delhi | J7: =TRIM(E7) -> priya@gmail.com | L7: =IF(COUNTIF(B7:B16,B7)>1,"Duplicate","Unique") -> Unique | M7: {=_xlfn.IFS(D7<21,"Young",D7<=25,"Adult",D7>25,"Senior")} -> Adult
A8: C007 | B8: Hamza Ahmed | C8: Lucknow | D8: 26 | E8: hamza@gmail.com | F8: Active | H8: =PROPER(TRIM(B8)) -> Hamza Ahmed | I8: =PROPER(TRIM(C8)) -> Lucknow | J8: =TRIM(E8) -> hamza@gmail.com | L8: =IF(COUNTIF(B8:B17,B8)>1,"Duplicate","Unique") -> Unique | M8: {=_xlfn.IFS(D8<21,"Young",D8<=25,"Adult",D8>25,"Senior")} -> Senior
A9: C008 | B9: Sara Khan | C9: Delhi | D9: 20 | E9: sara@gmail.com | F9: Active | H9: =PROPER(TRIM(B9)) -> Sara Khan | I9: =PROPER(TRIM(C9)) -> Delhi | J9: =TRIM(E9) -> sara@gmail.com | L9: =IF(COUNTIF(B9:B18,B9)>1,"Duplicate","Unique") -> Unique | M9: {=_xlfn.IFS(D9<21,"Young",D9<=25,"Adult",D9>25,"Senior")} -> Young
A10: C009 | B10: Arman Khan | C10: Mumbai | D10: 19 | E10: arman@gmail.com | F10: Active | H10: =PROPER(TRIM(B10)) -> Arman Khan | I10: =PROPER(TRIM(C10)) -> Mumbai | J10: =TRIM(E10) -> arman@gmail.com | L10: =IF(COUNTIF(B10:B19,B10)>1,"Duplicate","Unique") -> Unique | M10: {=_xlfn.IFS(D10<21,"Young",D10<=25,"Adult",D10>25,"Senior")} -> Young
A11: C010 | B11: Fatima Ali | C11: Lucknow | D11: 23 | E11: fatima@gmail.com | F11: Active | H11: =PROPER(TRIM(B11)) -> Fatima Ali | I11: =PROPER(TRIM(C11)) -> Lucknow | J11: =TRIM(E11) -> fatima@gmail.com | L11: =IF(COUNTIF(B11:B20,B11)>1,"Duplicate","Unique") -> Unique | M11: {=_xlfn.IFS(D11<21,"Young",D11<=25,"Adult",D11>25,"Senior")} -> Adult

Sheet Sales_Data
A1: Order_ID | B1: Customer_ID | C1: Product_ID | D1: Quantity | E1: Product Name | F1: Category | G1: Unit Price | H1: Total Sale
A2: O001 | B2: C001 | C2: P101 | D2: 1 | E2: =_xlfn.XLOOKUP(Sales_Data!C2,Product_Master!$A$2:$A$6,Product_Master!$B$2:$B$6) -> Laptop | F2: =_xlfn.XLOOKUP(C2,Product_Master!$A$2:$A$6,Product_Master!$C$2:$C$6) -> Electronics | G2: =_xlfn.XLOOKUP(C2,Product_Master!$A$2:$A$6,Product_Master!$D$2:$D$6) -> 55000 | H2: =G2*D2 -> 55000
A3: O002 | B3: C002 | C3: P103 | D3: 5 | E3: =_xlfn.XLOOKUP(Sales_Data!C3,Product_Master!$A$2:$A$6,Product_Master!$B$2:$B$6) -> Shirt | F3: =_xlfn.XLOOKUP(C3,Product_Master!$A$2:$A$6,Product_Master!$C$2:$C$6) -> Clothing | G3: =_xlfn.XLOOKUP(C3,Product_Master!$A$2:$A$6,Product_Master!$D$2:$D$6) -> 1200 | H3: =G3*D3 -> 6000
A4: O003 | B4: C004 | C4: P102 | D4: 2 | E4: =_xlfn.XLOOKUP(Sales_Data!C4,Product_Master!$A$2:$A$6,Product_Master!$B$2:$B$6) -> Office Chair | F4: =_xlfn.XLOOKUP(C4,Product_Master!$A$2:$A$6,Product_Master!$C$2:$C$6) -> Furniture | G4: =_xlfn.XLOOKUP(C4,Product_Master!$A$2:$A$6,Product_Master!$D$2:$D$6) -> 5000 | H4: =G4*D4 -> 10000
A5: O004 | B5: C005 | C5: P104 | D5: 1 | E5: =_xlfn.XLOOKUP(Sales_Data!C5,Product_Master!$A$2:$A$6,Product_Master!$B$2:$B$6) -> Monitor | F5: =_xlfn.XLOOKUP(C5,Product_Master!$A$2:$A$6,Product_Master!$C$2:$C$6) -> Electronics | G5: =_xlfn.XLOOKUP(C5,Product_Master!$A$2:$A$6,Product_Master!$D$2:$D$6) -> 18000 | H5: =G5*D5 -> 18000
A6: O005 | B6: C007 | C6: P101 | D6: 2 | E6: =_xlfn.XLOOKUP(Sales_Data!C6,Product_Master!$A$2:$A$6,Product_Master!$B$2:$B$6) -> Laptop | F6: =_xlfn.XLOOKUP(C6,Product_Master!$A$2:$A$6,Product_Master!$C$2:$C$6) -> Electronics | G6: =_xlfn.XLOOKUP(C6,Product_Master!$A$2:$A$6,Product_Master!$D$2:$D$6) -> 55000 | H6: =G6*D6 -> 110000
A7: O006 | B7: C008 | C7: P105 | D7: 3 | E7: =_xlfn.XLOOKUP(Sales_Data!C7,Product_Master!$A$2:$A$6,Product_Master!$B$2:$B$6) -> Keyboard | F7: =_xlfn.XLOOKUP(C7,Product_Master!$A$2:$A$6,Product_Master!$C$2:$C$6) -> Electronics | G7: =_xlfn.XLOOKUP(C7,Product_Master!$A$2:$A$6,Product_Master!$D$2:$D$6) -> 2500 | H7: =G7*D7 -> 7500
A8: O007 | B8: C010 | C8: P103 | D8: 4 | E8: =_xlfn.XLOOKUP(Sales_Data!C8,Product_Master!$A$2:$A$6,Product_Master!$B$2:$B$6) -> Shirt | F8: =_xlfn.XLOOKUP(C8,Product_Master!$A$2:$A$6,Product_Master!$C$2:$C$6) -> Clothing | G8: =_xlfn.XLOOKUP(C8,Product_Master!$A$2:$A$6,Product_Master!$D$2:$D$6) -> 1200 | H8: =G8*D8 -> 4800
A9: O008 | B9: C003 | C9: P104 | D9: 2 | E9: =_xlfn.XLOOKUP(Sales_Data!C9,Product_Master!$A$2:$A$6,Product_Master!$B$2:$B$6) -> Monitor | F9: =_xlfn.XLOOKUP(C9,Product_Master!$A$2:$A$6,Product_Master!$C$2:$C$6) -> Electronics | G9: =_xlfn.XLOOKUP(C9,Product_Master!$A$2:$A$6,Product_Master!$D$2:$D$6) -> 18000 | H9: =G9*D9 -> 36000
A10: O009 | B10: C006 | C10: P102 | D10: 3 | E10: =_xlfn.XLOOKUP(Sales_Data!C10,Product_Master!$A$2:$A$6,Product_Master!$B$2:$B$6) -> Office Chair | F10: =_xlfn.XLOOKUP(C10,Product_Master!$A$2:$A$6,Product_Master!$C$2:$C$6) -> Furniture | G10: =_xlfn.XLOOKUP(C10,Product_Master!$A$2:$A$6,Product_Master!$D$2:$D$6) -> 5000 | H10: =G10*D10 -> 15000
A11: O010 | B11: C009 | C11: P101 | D11: 1 | E11: =_xlfn.XLOOKUP(Sales_Data!C11,Product_Master!$A$2:$A$6,Product_Master!$B$2:$B$6) -> Laptop | F11: =_xlfn.XLOOKUP(C11,Product_Master!$A$2:$A$6,Product_Master!$C$2:$C$6) -> Electronics | G11: =_xlfn.XLOOKUP(C11,Product_Master!$A$2:$A$6,Product_Master!$D$2:$D$6) -> 55000 | H11: =G11*D11 -> 55000
A12: O011 | B12: C002 | C12: P105 | D12: 2 | E12: =_xlfn.XLOOKUP(Sales_Data!C12,Product_Master!$A$2:$A$6,Product_Master!$B$2:$B$6) -> Keyboard | F12: =_xlfn.XLOOKUP(C12,Product_Master!$A$2:$A$6,Product_Master!$C$2:$C$6) -> Electronics | G12: =_xlfn.XLOOKUP(C12,Product_Master!$A$2:$A$6,Product_Master!$D$2:$D$6) -> 2500 | H12: =G12*D12 -> 5000
A13: O012 | B13: C007 | C13: P104 | D13: 2 | E13: =_xlfn.XLOOKUP(Sales_Data!C13,Product_Master!$A$2:$A$6,Product_Master!$B$2:$B$6) -> Monitor | F13: =_xlfn.XLOOKUP(C13,Product_Master!$A$2:$A$6,Product_Master!$C$2:$C$6) -> Electronics | G13: =_xlfn.XLOOKUP(C13,Product_Master!$A$2:$A$6,Product_Master!$D$2:$D$6) -> 18000 | H13: =G13*D13 -> 36000

Sheet Product_Master
A1: Product_ID | B1: Product_Name | C1: Category | D1: Price
A2: P101 | B2: Laptop | C2: Electronics | D2: 55000
A3: P102 | B3: Office Chair | C3: Furniture | D3: 5000
A4: P103 | B4: Shirt | C4: Clothing | D4: 1200
A5: P104 | B5: Monitor | C5: Electronics | D5: 18000
A6: P105 | B6: Keyboard | C6: Electronics | D6: 2500

Sheet Analysis
A1: Total Sales | B1: Total Quantity | C1: Max Sale | D1: electronics Total sale | E1: 50000+ Sale
A2: =SUM(Sales_Data!H2:H6) -> 199000 | B2: =SUM(Sales_Data!D2:D13) -> 28 | C2: =_xlfn.XLOOKUP(MAX(Sales_Data!D2:D13),Sales_Data!D2:D13,Sales_Data!A2:A13) -> O002 | D2: =SUMIF(Sales_Data!F2:F6,Sales_Data!F2,Sales_Data!H2:H6) -> 183000 | E2: {=_xlfn._xlws.FILTER(Sales_Data!B2:B6,Sales_Data!G2:G6>50000)} -> C001
E3: C007
A5: Quanity Sell | E5: Electronics orders
A6: Unique Order | B6: Order | E6: {=_xlfn._xlws.FILTER(Sales_Data!A2:H13,Sales_Data!F2:F13="Electronics")} -> O001 | F6: C001 | G6: P101 | H6: 1 | I6: Laptop | J6: Electronics | K6: 55000 | L6: 55000
A7: {=_xlfn.UNIQUE(Sales_Data!D2:D13)} -> 1 | B7: =_xlfn.XLOOKUP(A8,Sales_Data!D2:D13,Sales_Data!A2:A13) -> O002 | E7: O004 | F7: C005 | G7: P104 | H7: 1 | I7: Monitor | J7: Electronics | K7: 18000 | L7: 18000
A8: 5 | E8: O005 | F8: C007 | G8: P101 | H8: 2 | I8: Laptop | J8: Electronics | K8: 55000 | L8: 110000
A9: 2 | E9: O006 | F9: C008 | G9: P105 | H9: 3 | I9: Keyboard | J9: Electronics | K9: 2500 | L9: 7500
A10: 3 | E10: O008 | F10: C003 | G10: P104 | H10: 2 | I10: Monitor | J10: Electronics | K10: 18000 | L10: 36000
A11: 4 | E11: O010 | F11: C009 | G11: P101 | H11: 1 | I11: Laptop | J11: Electronics | K11: 55000 | L11: 55000
E12: O011 | F12: C002 | G12: P105 | H12: 2 | I12: Keyboard | J12: Electronics | K12: 2500 | L12: 5000
A13: Unique cities | B13: Unique product categories | E13: O012 | F13: C007 | G13: P104 | H13: 2 | I13: Monitor | J13: Electronics | K13: 18000 | L13: 36000
A14: {=_xlfn.UNIQUE('Cleaned Data'!I2:I11)} -> Lucknow | B14: {=_xlfn.UNIQUE(Sales_Data!F2:F6)} -> Electronics
A15: Delhi | B15: Clothing | E15: Electronics + ₹20,000+ Total Sales
A16: Mumbai | B16: Furniture | E16: {=_xlfn._xlws.FILTER(Sales_Data!A2:H13,(Sales_Data!F2:F13="Electronics")*(Sales_Data!G2:G13>=20000)*MAX(Sales_Data!H2:H13))} -> O001 | F16: C001 | G16: P101 | H16: 1 | I16: Laptop | J16: Electronics | K16: 55000 | L16: 55000
E17: O005 | F17: C007 | G17: P101 | H17: 2 | I17: Laptop | J17: Electronics | K17: 55000 | L17: 110000
E18: O010 | F18: C009 | G18: P101 | H18: 1 | I18: Laptop | J18: Electronics | K18: 55000 | L18: 55000
E20: Order List
E21: {=_xlfn._xlws.FILTER(Sales_Data!A2:H13,(Sales_Data!F2:F13="Electronics")*(Sales_Data!D2:D13>=2)*(Sales_Data!H2:H13>=30000))} -> O005 | F21: C007 | G21: P101 | H21: 2 | I21: Laptop | J21: Electronics | K21: 55000 | L21: 110000
E22: O008 | F22: C003 | G22: P104 | H22: 2 | I22: Monitor | J22: Electronics | K22: 18000 | L22: 36000
E23: O012 | F23: C007 | G23: P104 | H23: 2 | I23: Monitor | J23: Electronics | K23: 18000 | L23: 36000
