Workbook
Name Slicer_Category: #N/A
Name Slicer_City: #N/A

Sheet 01_Raw_Data
A1: Order_ID | B1: Date | C1: Salesperson | D1: City | E1: Category | F1: Product | G1: Quantity | H1: Sales | I1: Errors | K1: Unique | L1: Duplicate
A2: O001 | B2: 46031 | C2: Rahul | D2: Lucknow | E2: Electronics | F2: Laptop | G2: 2 | H2: 110000 | I2: 0 | K2: {=_xlfn.UNIQUE(C2:C31)} -> Rahul | L2: =IF(COUNTIF(C2:C31,C2)>1,"Duplicate","Unique") -> Duplicate
A3: O002 | B3: 46062 | C3: Priya | D3: Delhi | E3: Clothing | F3: Shirt | G3: 5 | H3: 6000 | I3: 1 | K3: Priya | L3: =IF(COUNTIF(C3:C32,C3)>1,"Duplicate","Unique") -> Duplicate
A4: O003 | B4: 46090 | C4: Arman | D4: Mumbai | E4: Furniture | F4: Chair | G4: 3 | H4: 15000 | I4: 0 | K4: Arman | L4: =IF(COUNTIF(C4:C33,C4)>1,"Duplicate","Unique") -> Duplicate
A5: O004 | B5: 46121 | C5: Rahul | D5: Lucknow | E5: Electronics | F5: Monitor | G5: 2 | H5: 36000 | I5: 1 | K5: Hamza | L5: =IF(COUNTIF(C5:C34,C5)>1,"Duplicate","Unique") -> Duplicate
A6: O005 | B6: 46151 | C6: Hamza | D6: Delhi | E6: Clothing | F6: Shirt | G6: 4 | H6: 4800 | I6: 2 | K6: Sara | L6: =IF(COUNTIF(C6:C35,C6)>1,"Duplicate","Unique") -> Duplicate
A7: O006 | B7: 46182 | C7: Sara | D7: Mumbai | E7: Electronics | F7: Laptop | G7: 1 | H7: 55000 | I7: 0 | L7: =IF(COUNTIF(C7:C36,C7)>1,"Duplicate","Unique") -> Duplicate
A8: O007 | B8: 46212 | C8: Rahul | D8: Delhi | E8: Furniture | F8: Chair | G8: 5 | H8: 25000 | I8: 0 | L8: =IF(COUNTIF(C8:C37,C8)>1,"Duplicate","Unique") -> Duplicate
A9: O008 | B9: 46243 | C9: Arman | D9: Lucknow | E9: Clothing | F9: Shirt | G9: 8 | H9: 9600 | I9: 1 | L9: =IF(COUNTIF(C9:C38,C9)>1,"Duplicate","Unique") -> Duplicate
A10: O009 | B10: 46274 | C10: Hamza | D10: Mumbai | E10: Electronics | F10: Monitor | G10: 3 | H10: 54000 | I10: 0 | L10: =IF(COUNTIF(C10:C39,C10)>1,"Duplicate","Unique") -> Duplicate
A11: O010 | B11: 46304 | C11: Priya | D11: Lucknow | E11: Furniture | F11: Chair | G11: 4 | H11: 20000 | I11: 0 | L11: =IF(COUNTIF(C11:C40,C11)>1,"Duplicate","Unique") -> Duplicate
A12: O011 | B12: 46335 | C12: Sara | D12: Delhi | E12: Electronics | F12: Laptop | G12: 2 | H12: 110000 | I12: 0 | L12: =IF(COUNTIF(C12:C41,C12)>1,"Duplicate","Unique") -> Duplicate
A13: O012 | B13: 46365 | C13: Rahul | D13: Mumbai | E13: Clothing | F13: Shirt | G13: 6 | H13: 7200 | I13: 1 | L13: =IF(COUNTIF(C13:C42,C13)>1,"Duplicate","Unique") -> Duplicate
A14: O013 | B14: 13/09/2026 | C14: Arman | D14: Delhi | E14: Electronics | F14: Monitor | G14: 2 | H14: 36000 | I14: 0 | L14: =IF(COUNTIF(C14:C43,C14)>1,"Duplicate","Unique") -> Duplicate
A15: O014 | B15: 14/09/2026 | C15: Hamza | D15: Lucknow | E15: Furniture | F15: Chair | G15: 3 | H15: 15000 | I15: 2 | L15: =IF(COUNTIF(C15:C44,C15)>1,"Duplicate","Unique") -> Duplicate
A16: O015 | B16: 15/09/2026 | C16: Priya | D16: Mumbai | E16: Electronics | F16: Laptop | G16: 1 | H16: 55000 | I16: 0 | L16: =IF(COUNTIF(C16:C45,C16)>1,"Duplicate","Unique") -> Duplicate
A17: O016 | B17: 16/09/2026 | C17: Sara | D17: Lucknow | E17: Clothing | F17: Shirt | G17: 7 | H17: 8400 | I17: 0 | L17: =IF(COUNTIF(C17:C46,C17)>1,"Duplicate","Unique") -> Duplicate
A18: O017 | B18: 17/09/2026 | C18: Rahul | D18: Delhi | E18: Electronics | F18: Monitor | G18: 4 | H18: 72000 | I18: 1 | L18: =IF(COUNTIF(C18:C47,C18)>1,"Duplicate","Unique") -> Duplicate
A19: O018 | B19: 18/09/2026 | C19: Arman | D19: Mumbai | E19: Furniture | F19: Chair | G19: 6 | H19: 30000 | I19: 0 | L19: =IF(COUNTIF(C19:C48,C19)>1,"Duplicate","Unique") -> Duplicate
A20: O019 | B20: 19/09/2026 | C20: Hamza | D20: Lucknow | E20: Electronics | F20: Laptop | G20: 1 | H20: 55000 | I20: 1 | L20: =IF(COUNTIF(C20:C49,C20)>1,"Duplicate","Unique") -> Duplicate
A21: O020 | B21: 20/09/2026 | C21: Sara | D21: Delhi | E21: Furniture | F21: Chair | G21: 4 | H21: 20000 | I21: 0 | L21: =IF(COUNTIF(C21:C50,C21)>1,"Duplicate","Unique") -> Duplicate
A22: O021 | B22: 20/09/2026 | C22: Priya | D22: Mumbai | E22: Clothing | F22: Shirt | G22: 9 | H22: 10800 | I22: 1 | L22: =IF(COUNTIF(C22:C51,C22)>1,"Duplicate","Unique") -> Duplicate
A23: O022 | B23: 20/09/2026 | C23: Rahul | D23: Lucknow | E23: Furniture | F23: Chair | G23: 5 | H23: 25000 | I23: 0 | L23: =IF(COUNTIF(C23:C52,C23)>1,"Duplicate","Unique") -> Duplicate
A24: O023 | B24: 20/09/2026 | C24: Arman | D24: Delhi | E24: Clothing | F24: Shirt | G24: 6 | H24: 7200 | I24: 0 | L24: =IF(COUNTIF(C24:C53,C24)>1,"Duplicate","Unique") -> Duplicate
A25: O024 | B25: 20/09/2026 | C25: Hamza | D25: Mumbai | E25: Electronics | F25: Monitor | G25: 2 | H25: 36000 | I25: 2 | L25: =IF(COUNTIF(C25:C54,C25)>1,"Duplicate","Unique") -> Duplicate
... A31: O030 | B31: 20/09/2026 | C31: Sara | D31: Mumbai | E31: Clothing | F31: Shirt | G31: 8 | H31: 9600 | I31: 0 | L31: =IF(COUNTIF(C31:C60,C31)>1,"Duplicate","Unique") -> Unique

Sheet 02_Calculations
A1: Sales Performance & Interactive Analysis
A2: Order_ID | B2: Date | C2: Salesperson | D2: City | E2: Category | F2: Product | G2: Quantity | H2: Sales | I2: Errors | J2: Month | K2: Error Status | L2: Sales Level | N2: Total Sales | O2: =SUM(H3:H32) -> 1101600
A3: O001 | B3: 46031 | C3: Rahul | D3: Lucknow | E3: Electronics | F3: Laptop | G3: 2 | H3: 110000 | I3: 0 | J3: =TEXT('01_Raw_Data'!B2,"mmmm") -> January | K3: =IF('01_Raw_Data'!I2>1,"Error","No Error") -> No Error | L3: =IF('01_Raw_Data'!H2>50000,"High",IF('01_Raw_Data'!H2>=20000,"Medium","Low")) -> High | N3: Total Orders | O3: =COUNTA(A3:A32) -> 30
A4: O002 | B4: 46062 | C4: Priya | D4: Delhi | E4: Clothing | F4: Shirt | G4: 5 | H4: 6000 | I4: 1 | J4: =TEXT('01_Raw_Data'!B3,"mmmm") -> February | K4: =IF('01_Raw_Data'!I3>1,"Error","No Error") -> No Error | L4: =IF('01_Raw_Data'!H3>50000,"High",IF('01_Raw_Data'!H3>=20000,"Medium","Low")) -> Low | N4: Total Quantity | O4: =SUM(G3:G32) -> 119
A5: O003 | B5: 46090 | C5: Arman | D5: Mumbai | E5: Furniture | F5: Chair | G5: 3 | H5: 15000 | I5: 0 | J5: =TEXT('01_Raw_Data'!B4,"mmmm") -> March | K5: =IF('01_Raw_Data'!I4>1,"Error","No Error") -> No Error | L5: =IF('01_Raw_Data'!H4>50000,"High",IF('01_Raw_Data'!H4>=20000,"Medium","Low")) -> Low | N5: Total Error | O5: =SUMIF(I3:I32,">=1",I3:I32) -> 14
A6: O004 | B6: 46121 | C6: Rahul | D6: Lucknow | E6: Electronics | F6: Monitor | G6: 2 | H6: 36000 | I6: 1 | J6: =TEXT('01_Raw_Data'!B5,"mmmm") -> April | K6: =IF('01_Raw_Data'!I5>1,"Error","No Error") -> No Error | L6: =IF('01_Raw_Data'!H5>50000,"High",IF('01_Raw_Data'!H5>=20000,"Medium","Low")) -> Medium | N6: Average Sale | O6: =AVERAGE(H3:H32) -> 36720
A7: O005 | B7: 46151 | C7: Hamza | D7: Delhi | E7: Clothing | F7: Shirt | G7: 4 | H7: 4800 | I7: 2 | J7: =TEXT('01_Raw_Data'!B6,"mmmm") -> May | K7: =IF('01_Raw_Data'!I6>1,"Error","No Error") -> Error | L7: =IF('01_Raw_Data'!H6>50000,"High",IF('01_Raw_Data'!H6>=20000,"Medium","Low")) -> Low
A8: O006 | B8: 46182 | C8: Sara | D8: Mumbai | E8: Electronics | F8: Laptop | G8: 1 | H8: 55000 | I8: 0 | J8: =TEXT('01_Raw_Data'!B7,"mmmm") -> June | K8: =IF('01_Raw_Data'!I7>1,"Error","No Error") -> No Error | L8: =IF('01_Raw_Data'!H7>50000,"High",IF('01_Raw_Data'!H7>=20000,"Medium","Low")) -> High
A9: O007 | B9: 46212 | C9: Rahul | D9: Delhi | E9: Furniture | F9: Chair | G9: 5 | H9: 25000 | I9: 0 | J9: =TEXT('01_Raw_Data'!B8,"mmmm") -> July | K9: =IF('01_Raw_Data'!I8>1,"Error","No Error") -> No Error | L9: =IF('01_Raw_Data'!H8>50000,"High",IF('01_Raw_Data'!H8>=20000,"Medium","Low")) -> Medium
A10: O008 | B10: 46243 | C10: Arman | D10: Lucknow | E10: Clothing | F10: Shirt | G10: 8 | H10: 9600 | I10: 1 | J10: =TEXT('01_Raw_Data'!B9,"mmmm") -> August | K10: =IF('01_Raw_Data'!I9>1,"Error","No Error") -> No Error | L10: =IF('01_Raw_Data'!H9>50000,"High",IF('01_Raw_Data'!H9>=20000,"Medium","Low")) -> Low
A11: O009 | B11: 46274 | C11: Hamza | D11: Mumbai | E11: Electronics | F11: Monitor | G11: 3 | H11: 54000 | I11: 0 | J11: =TEXT('01_Raw_Data'!B10,"mmmm") -> September | K11: =IF('01_Raw_Data'!I10>1,"Error","No Error") -> No Error | L11: =IF('01_Raw_Data'!H10>50000,"High",IF('01_Raw_Data'!H10>=20000,"Medium","Low")) -> High
A12: O010 | B12: 46304 | C12: Priya | D12: Lucknow | E12: Furniture | F12: Chair | G12: 4 | H12: 20000 | I12: 0 | J12: =TEXT('01_Raw_Data'!B11,"mmmm") -> October | K12: =IF('01_Raw_Data'!I11>1,"Error","No Error") -> No Error | L12: =IF('01_Raw_Data'!H11>50000,"High",IF('01_Raw_Data'!H11>=20000,"Medium","Low")) -> Medium
A13: O011 | B13: 46335 | C13: Sara | D13: Delhi | E13: Electronics | F13: Laptop | G13: 2 | H13: 110000 | I13: 0 | J13: =TEXT('01_Raw_Data'!B12,"mmmm") -> November | K13: =IF('01_Raw_Data'!I12>1,"Error","No Error") -> No Error | L13: =IF('01_Raw_Data'!H12>50000,"High",IF('01_Raw_Data'!H12>=20000,"Medium","Low")) -> High
A14: O012 | B14: 46365 | C14: Rahul | D14: Mumbai | E14: Clothing | F14: Shirt | G14: 6 | H14: 7200 | I14: 1 | J14: =TEXT('01_Raw_Data'!B13,"mmmm") -> December | K14: =IF('01_Raw_Data'!I13>1,"Error","No Error") -> No Error | L14: =IF('01_Raw_Data'!H13>50000,"High",IF('01_Raw_Data'!H13>=20000,"Medium","Low")) -> Low
A15: O013 | B15: 13/09/2026 | C15: Arman | D15: Delhi | E15: Electronics | F15: Monitor | G15: 2 | H15: 36000 | I15: 0 | J15: =TEXT('01_Raw_Data'!B14,"mmmm") -> 13/09/2026 | K15: =IF('01_Raw_Data'!I14>1,"Error","No Error") -> No Error | L15: =IF('01_Raw_Data'!H14>50000,"High",IF('01_Raw_Data'!H14>=20000,"Medium","Low")) -> Medium
A16: O014 | B16: 14/09/2026 | C16: Hamza | D16: Lucknow | E16: Furniture | F16: Chair | G16: 3 | H16: 15000 | I16: 2 | J16: =TEXT('01_Raw_Data'!B15,"mmmm") -> 14/09/2026 | K16: =IF('01_Raw_Data'!I15>1,"Error","No Error") -> Error | L16: =IF('01_Raw_Data'!H15>50000,"High",IF('01_Raw_Data'!H15>=20000,"Medium","Low")) -> Low
A17: O015 | B17: 15/09/2026 | C17: Priya | D17: Mumbai | E17: Electronics | F17: Laptop | G17: 1 | H17: 55000 | I17: 0 | J17: =TEXT('01_Raw_Data'!B16,"mmmm") -> 15/09/2026 | K17: =IF('01_Raw_Data'!I16>1,"Error","No Error") -> No Error | L17: =IF('01_Raw_Data'!H16>50000,"High",IF('01_Raw_Data'!H16>=20000,"Medium","Low")) -> High
A18: O016 | B18: 16/09/2026 | C18: Sara | D18: Lucknow | E18: Clothing | F18: Shirt | G18: 7 | H18: 8400 | I18: 0 | J18: =TEXT('01_Raw_Data'!B17,"mmmm") -> 16/09/2026 | K18: =IF('01_Raw_Data'!I17>1,"Error","No Error") -> No Error | L18: =IF('01_Raw_Data'!H17>50000,"High",IF('01_Raw_Data'!H17>=20000,"Medium","Low")) -> Low
A19: O017 | B19: 17/09/2026 | C19: Rahul | D19: Delhi | E19: Electronics | F19: Monitor | G19: 4 | H19: 72000 | I19: 1 | J19: =TEXT('01_Raw_Data'!B18,"mmmm") -> 17/09/2026 | K19: =IF('01_Raw_Data'!I18>1,"Error","No Error") -> No Error | L19: =IF('01_Raw_Data'!H18>50000,"High",IF('01_Raw_Data'!H18>=20000,"Medium","Low")) -> High
A20: O018 | B20: 18/09/2026 | C20: Arman | D20: Mumbai | E20: Furniture | F20: Chair | G20: 6 | H20: 30000 | I20: 0 | J20: =TEXT('01_Raw_Data'!B19,"mmmm") -> 18/09/2026 | K20: =IF('01_Raw_Data'!I19>1,"Error","No Error") -> No Error | L20: =IF('01_Raw_Data'!H19>50000,"High",IF('01_Raw_Data'!H19>=20000,"Medium","Low")) -> Medium
A21: O019 | B21: 19/09/2026 | C21: Hamza | D21: Lucknow | E21: Electronics | F21: Laptop | G21: 1 | H21: 55000 | I21: 1 | J21: =TEXT('01_Raw_Data'!B20,"mmmm") -> 19/09/2026 | K21: =IF('01_Raw_Data'!I20>1,"Error","No Error") -> No Error | L21: =IF('01_Raw_Data'!H20>50000,"High",IF('01_Raw_Data'!H20>=20000,"Medium","Low")) -> High
A22: O020 | B22: 20/09/2026 | C22: Sara | D22: Delhi | E22: Furniture | F22: Chair | G22: 4 | H22: 20000 | I22: 0 | J22: =TEXT('01_Raw_Data'!B21,"mmmm") -> 20/09/2026 | K22: =IF('01_Raw_Data'!I21>1,"Error","No Error") -> No Error | L22: =IF('01_Raw_Data'!H21>50000,"High",IF('01_Raw_Data'!H21>=20000,"Medium","Low")) -> Medium
A23: O021 | B23: 20/09/2026 | C23: Priya | D23: Mumbai | E23: Clothing | F23: Shirt | G23: 9 | H23: 10800 | I23: 1 | J23: =TEXT('01_Raw_Data'!B22,"mmmm") -> 20/09/2026 | K23: =IF('01_Raw_Data'!I22>1,"Error","No Error") -> No Error | L23: =IF('01_Raw_Data'!H22>50000,"High",IF('01_Raw_Data'!H22>=20000,"Medium","Low")) -> Low
A24: O022 | B24: 20/09/2026 | C24: Rahul | D24: Lucknow | E24: Furniture | F24: Chair | G24: 5 | H24: 25000 | I24: 0 | J24: =TEXT('01_Raw_Data'!B23,"mmmm") -> 20/09/2026 | K24: =IF('01_Raw_Data'!I23>1,"Error","No Error") -> No Error | L24: =IF('01_Raw_Data'!H23>50000,"High",IF('01_Raw_Data'!H23>=20000,"Medium","Low")) -> Medium
A25: O023 | B25: 20/09/2026 | C25: Arman | D25: Delhi | E25: Clothing | F25: Shirt | G25: 6 | H25: 7200 | I25: 0 | J25: =TEXT('01_Raw_Data'!B24,"mmmm") -> 20/09/2026 | K25: =IF('01_Raw_Data'!I24>1,"Error","No Error") -> No Error | L25: =IF('01_Raw_Data'!H24>50000,"High",IF('01_Raw_Data'!H24>=20000,"Medium","Low")) -> Low
A26: O024 | B26: 20/09/2026 | C26: Hamza | D26: Mumbai | E26: Electronics | F26: Monitor | G26: 2 | H26: 36000 | I26: 2 | J26: =TEXT('01_Raw_Data'!B25,"mmmm") -> 20/09/2026 | K26: =IF('01_Raw_Data'!I25>1,"Error","No Error") -> Error | L26: =IF('01_Raw_Data'!H25>50000,"High",IF('01_Raw_Data'!H25>=20000,"Medium","Low")) -> Medium
... A32: O030 | B32: 20/09/2026 | C32: Sara | D32: Mumbai | E32: Clothing | F32: Shirt | G32: 8 | H32: 9600 | I32: 0 | J32: =TEXT('01_Raw_Data'!B31,"mmmm") -> 20/09/2026 | K32: =IF('01_Raw_Data'!I31>1,"Error","No Error") -> No Error | L32: =IF('01_Raw_Data'!H31>50000,"High",IF('01_Raw_Data'!H31>=20000,"Medium","Low")) -> Low

Sheet 03_Pivot_Analysis
A1: City Performance | E1: Category Performance
A2: Row Labels | B2: Sum of Sales | C2: Sum of Quantity | E2: Row Labels | F2: Sum of Sales | G2: Sum of Quantity
A3: Delhi | B3: 350000 | C3: 38 | E3: Clothing | F3: 63600 | G3: 53
A4: Lucknow | B4: 424000 | C4: 41 | E4: Electronics | F4: 838000 | G4: 26
A5: Mumbai | B5: 327600 | C5: 40 | E5: Furniture | F5: 200000 | G5: 40
A6: Grand Total | B6: 1101600 | C6: 119 | E6: Grand Total | F6: 1101600 | G6: 119
A8: Salesperson Performance | E8: City*Category Performance
A9: Row Labels | B9: Sum of Sales | C9: Count of Order_ID | E9: Sum of Sales | F9: Column Labels
A10: Arman | B10: 132800 | C10: 6 | E10: Row Labels | F10: Clothing | G10: Electronics | H10: Furniture | I10: Grand Total
A11: Hamza | B11: 218800 | C11: 6 | E11: Delhi | F11: 18000 | G11: 272000 | H11: 60000 | I11: 350000
A12: Priya | B12: 106800 | C12: 5 | E12: Lucknow | F12: 18000 | G12: 311000 | H12: 95000 | I12: 424000
A13: Rahul | B13: 330200 | C13: 7 | E13: Mumbai | F13: 27600 | G13: 255000 | H13: 45000 | I13: 327600
A14: Sara | B14: 313000 | C14: 6 | E14: Grand Total | F14: 63600 | G14: 838000 | H14: 200000 | I14: 1101600
A15: Grand Total | B15: 1101600 | C15: 30

Sheet 04_Dashboard
B5: Sales Performance Dashboard
C13: Salesperson Performance
C14: Row Labels | D14: Sum of Sales | E14: Count of Order_ID
C15: Arman | D15: 132800 | E15: 6
C16: Hamza | D16: 218800 | E16: 6
C17: Priya | D17: 106800 | E17: 5
C18: Rahul | D18: 330200 | E18: 7
C19: Sara | D19: 313000 | E19: 6
C20: Grand Total | D20: 1101600 | E20: 30
B22: City*Category Performance
B23: Sum of Sales | C23: Column Labels
B24: Row Labels | C24: Clothing | D24: Electronics | E24: Furniture | F24: Grand Total
B25: Delhi | C25: 18000 | D25: 272000 | E25: 60000 | F25: 350000
B26: Lucknow | C26: 18000 | D26: 311000 | E26: 95000 | F26: 424000
B27: Mumbai | C27: 27600 | D27: 255000 | E27: 45000 | F27: 327600
B28: Grand Total | C28: 63600 | D28: 838000 | E28: 200000 | F28: 1101600
K42: s

Sheet 05_Insights
A1: Insight 1: Electronics generate the highest sale in lucknow is 311000
A2: insight 2: Lucknow generate the highest sale in all city is 424000
