Workbook

Sheet Sales
A1: Order_ID | B1: Product_ID | C1: Employee | D1: City | E1: Quantity | F1: Category | G1: Unit Price | H1: Total Sales | I1: Product_Name
A2: O001 | B2: P101 | C2: Rahul | D2: Lucknow | E2: 2 | F2: =_xlfn.XLOOKUP(B2,Product_Master!$A$2:$A$6,Product_Master!$C$2:$C$6) -> Electronics | G2: =_xlfn.XLOOKUP(B2,Product_Master!$A$2:$A$6,Product_Master!$D$2:$D$6,"Product Not Found") -> 55000 | H2: =G2*E2 -> 110000 | I2: =_xlfn.XLOOKUP(B2,Product_Master!$A$2:$A$6,Product_Master!$B$2:$B$6,"Product Not Found") -> Laptop
A3: O002 | B3: P103 | C3: Priya | D3: Delhi | E3: 5 | F3: =_xlfn.XLOOKUP(B3,Product_Master!$A$2:$A$6,Product_Master!$C$2:$C$6) -> Clothing | G3: =_xlfn.XLOOKUP(B3,Product_Master!$A$2:$A$6,Product_Master!$D$2:$D$6,"Product Not Found") -> 1200 | H3: =G3*E3 -> 6000 | I3: =_xlfn.XLOOKUP(B3,Product_Master!$A$2:$A$6,Product_Master!$B$2:$B$6,"Product Not Found") -> Shirt
A4: O003 | B4: P102 | C4: Arman | D4: Mumbai | E4: 3 | F4: =_xlfn.XLOOKUP(B4,Product_Master!$A$2:$A$6,Product_Master!$C$2:$C$6) -> Furniture | G4: =_xlfn.XLOOKUP(B4,Product_Master!$A$2:$A$6,Product_Master!$D$2:$D$6,"Product Not Found") -> 5000 | H4: =G4*E4 -> 15000 | I4: =_xlfn.XLOOKUP(B4,Product_Master!$A$2:$A$6,Product_Master!$B$2:$B$6,"Product Not Found") -> Chair
A5: O004 | B5: P101 | C5: Rahul | D5: Lucknow | E5: 1 | F5: =_xlfn.XLOOKUP(B5,Product_Master!$A$2:$A$6,Product_Master!$C$2:$C$6) -> Electronics | G5: =_xlfn.XLOOKUP(B5,Product_Master!$A$2:$A$6,Product_Master!$D$2:$D$6,"Product Not Found") -> 55000 | H5: =G5*E5 -> 55000 | I5: =_xlfn.XLOOKUP(B5,Product_Master!$A$2:$A$6,Product_Master!$B$2:$B$6,"Product Not Found") -> Laptop
A6: O005 | B6: P104 | C6: Hamza | D6: Delhi | E6: 4 | F6: =_xlfn.XLOOKUP(B6,Product_Master!$A$2:$A$6,Product_Master!$C$2:$C$6) -> Furniture | G6: =_xlfn.XLOOKUP(B6,Product_Master!$A$2:$A$6,Product_Master!$D$2:$D$6,"Product Not Found") -> 5000 | H6: =G6*E6 -> 20000 | I6: =_xlfn.XLOOKUP(B6,Product_Master!$A$2:$A$6,Product_Master!$B$2:$B$6,"Product Not Found") -> Table
A7: O006 | B7: P105 | C7: Sara | D7: Mumbai | E7: 2 | F7: =_xlfn.XLOOKUP(B7,Product_Master!$A$2:$A$6,Product_Master!$C$2:$C$6) -> Electronics | G7: =_xlfn.XLOOKUP(B7,Product_Master!$A$2:$A$6,Product_Master!$D$2:$D$6,"Product Not Found") -> 18000 | H7: =G7*E7 -> 36000 | I7: =_xlfn.XLOOKUP(B7,Product_Master!$A$2:$A$6,Product_Master!$B$2:$B$6,"Product Not Found") -> Monitor
A8: O007 | B8: P102 | C8: Rahul | D8: Delhi | E8: 5 | F8: =_xlfn.XLOOKUP(B8,Product_Master!$A$2:$A$6,Product_Master!$C$2:$C$6) -> Furniture | G8: =_xlfn.XLOOKUP(B8,Product_Master!$A$2:$A$6,Product_Master!$D$2:$D$6,"Product Not Found") -> 5000 | H8: =G8*E8 -> 25000 | I8: =_xlfn.XLOOKUP(B8,Product_Master!$A$2:$A$6,Product_Master!$B$2:$B$6,"Product Not Found") -> Chair
A9: O008 | B9: P103 | C9: Arman | D9: Lucknow | E9: 8 | F9: =_xlfn.XLOOKUP(B9,Product_Master!$A$2:$A$6,Product_Master!$C$2:$C$6) -> Clothing | G9: =_xlfn.XLOOKUP(B9,Product_Master!$A$2:$A$6,Product_Master!$D$2:$D$6,"Product Not Found") -> 1200 | H9: =G9*E9 -> 9600 | I9: =_xlfn.XLOOKUP(B9,Product_Master!$A$2:$A$6,Product_Master!$B$2:$B$6,"Product Not Found") -> Shirt
A10: O009 | B10: P105 | C10: Hamza | D10: Mumbai | E10: 3 | F10: =_xlfn.XLOOKUP(B10,Product_Master!$A$2:$A$6,Product_Master!$C$2:$C$6) -> Electronics | G10: =_xlfn.XLOOKUP(B10,Product_Master!$A$2:$A$6,Product_Master!$D$2:$D$6,"Product Not Found") -> 18000 | H10: =G10*E10 -> 54000 | I10: =_xlfn.XLOOKUP(B10,Product_Master!$A$2:$A$6,Product_Master!$B$2:$B$6,"Product Not Found") -> Monitor
A11: O010 | B11: P104 | C11: Priya | D11: Lucknow | E11: 4 | F11: =_xlfn.XLOOKUP(B11,Product_Master!$A$2:$A$6,Product_Master!$C$2:$C$6) -> Furniture | G11: =_xlfn.XLOOKUP(B11,Product_Master!$A$2:$A$6,Product_Master!$D$2:$D$6,"Product Not Found") -> 5000 | H11: =G11*E11 -> 20000 | I11: =_xlfn.XLOOKUP(B11,Product_Master!$A$2:$A$6,Product_Master!$B$2:$B$6,"Product Not Found") -> Table
A12: O011 | B12: P101 | C12: Sara | D12: Delhi | E12: 2 | F12: =_xlfn.XLOOKUP(B12,Product_Master!$A$2:$A$6,Product_Master!$C$2:$C$6) -> Electronics | G12: =_xlfn.XLOOKUP(B12,Product_Master!$A$2:$A$6,Product_Master!$D$2:$D$6,"Product Not Found") -> 55000 | H12: =G12*E12 -> 110000 | I12: =_xlfn.XLOOKUP(B12,Product_Master!$A$2:$A$6,Product_Master!$B$2:$B$6,"Product Not Found") -> Laptop
A13: O012 | B13: P103 | C13: Rahul | D13: Mumbai | E13: 6 | F13: =_xlfn.XLOOKUP(B13,Product_Master!$A$2:$A$6,Product_Master!$C$2:$C$6) -> Clothing | G13: =_xlfn.XLOOKUP(B13,Product_Master!$A$2:$A$6,Product_Master!$D$2:$D$6,"Product Not Found") -> 1200 | H13: =G13*E13 -> 7200 | I13: =_xlfn.XLOOKUP(B13,Product_Master!$A$2:$A$6,Product_Master!$B$2:$B$6,"Product Not Found") -> Shirt
... A16: O015 | B16: P105 | C16: Priya | D16: Mumbai | E16: 1 | F16: =_xlfn.XLOOKUP(B16,Product_Master!$A$2:$A$6,Product_Master!$C$2:$C$6) -> Electronics | G16: =_xlfn.XLOOKUP(B16,Product_Master!$A$2:$A$6,Product_Master!$D$2:$D$6,"Product Not Found") -> 18000 | H16: =G16*E16 -> 18000 | I16: =_xlfn.XLOOKUP(B16,Product_Master!$A$2:$A$6,Product_Master!$B$2:$B$6,"Product Not Found") -> Monitor
A17: O016 | B17: P999 | C17: Zaid | D17: Malihabad | E17: 2 | F17: =_xlfn.XLOOKUP(B17,Product_Master!$A$2:$A$6,Product_Master!$C$2:$C$6,"Product not found") -> Product not found | G17: =_xlfn.XLOOKUP(B17,Product_Master!$A$2:$A$6,Product_Master!$D$2:$D$6,"Product Not Found") -> Product Not Found | I17: =_xlfn.XLOOKUP(B17,Product_Master!$A$2:$A$6,Product_Master!$B$2:$B$6,"Product Not Found") -> Product Not Found

Sheet Product_Master
A1: Product_ID | B1: Product | C1: Category | D1: Unit_Price
A2: P101 | B2: Laptop | C2: Electronics | D2: 55000
A3: P102 | B3: Chair | C3: Furniture | D3: 5000
A4: P103 | B4: Shirt | C4: Clothing | D4: 1200
A5: P104 | B5: Table | C5: Furniture | D5: 5000
A6: P105 | B6: Monitor | C6: Electronics | D6: 18000

Sheet Analysis
A1: Category | B1: Total Sales | C1: Total Quantity
A2: Electronics | B2: =SUMIFS(Sales!H2:H16,Sales!F2:F16,"Electronics") -> 383000 | C2: =SUMIF(Sales!F2:F17,"Electronics",Sales!E2:E17) -> 11
A3: Furniture | B3: =SUMIFS(Sales!H2:H16,Sales!F2:F16,"Furniture") -> 105000 | C3: =SUMIF(Sales!F2:F17,"Furniture",Sales!E2:E17) -> 21
A4: Clothing | B4: =SUMIF(Sales!F2:F16,"Clothing",Sales!H2:H16) -> 22800 | C4: =SUMIF(Sales!F2:F17,"clothing",Sales!E2:E17) -> 19
A5: Highest sale | B5: =MAX(B2:B4) -> 383000
A7: PRODUCT PERFORMANCE
A8: Product | B8: Total Quantity | C8: Total Sales
A9: Laptop | B9: =SUMIF(Sales!I2:I17,"laptop",Sales!E2:E17) -> 5 | C9: =SUMIF(Sales!I2:I17,"Laptop",Sales!H2:H17) -> 275000
A10: Chair | B10: =SUMIF(Sales!J3:J18,"chair",Sales!E3:E18) -> 0 | C10: =SUMIF(Sales!J3:J18,"chair",Sales!I3:I18) -> 0
A11: Shirt | B11: =SUMIF(Sales!J2:J19,"shirt",Sales!E2:E19) -> 0 | C11: =SUMIF(Sales!J4:J19,"shirt",Sales!I4:I19) -> 0
A12: Table | B12: =SUMIF(Sales!J2:J20,"table",Sales!E2:E20) -> 0 | C12: =SUMIF(Sales!J5:J20,"table",Sales!I5:I20) -> 0
A13: Monitor | B13: =SUMIF(Sales!J6:J21,"Monitor",Sales!E6:E21) -> 0 | C13: =SUMIF(Sales!J6:J21,"monitor",Sales!I6:I21) -> 0
A14: Highest Value | B14: =MAX(B9:B13) -> 5 | C14: =MAX(C9:C13) -> 275000
A16: Product_id | B16: product | C16: category | D16: Unit_Price
A17: P101 | B17: =_xlfn.XLOOKUP(A17,Product_Master!A2:A6,Product_Master!B2:B6) -> Laptop | C17: =_xlfn.XLOOKUP(B17,Product_Master!B2:B6,Product_Master!C2:C6) -> Electronics | D17: =_xlfn.XLOOKUP(C17,Product_Master!C2:C6,Product_Master!D2:D6) -> 55000

Sheet Notes
A1: WEEK 04 — DAY 05
A2: XLOOKUP & DYNAMIC LOOKUP ANALYSIS
A4: XLOOKUP:
A5: Used to search for a value in one range
A6: and return the corresponding value from another range.
A8: Syntax:
A10: {=_xlfn.XLOOKUP(lookup_value, lookup_array, return_array)} -> #NAME?
A12: Example:
A14: =XLOOKUP(B2,'02_Product_Master'!A:A,
A15: '02_Product_Master'!B:B)
A17: LOOKUP LOGIC:
A19: Product_ID
A20: ↓
A21: Search in Product Master
A22: ↓
A23: Return Product / Category / Price
A25: ERROR HANDLING:
A27: =_xlfn.XLOOKUP(B2,A:A,B:B,"Product Not Found") -> 0
A29: XLOOKUP vs VLOOKUP:
A31: VLOOKUP uses a column index number.
A33: XLOOKUP directly specifies the
A34: return range.
A36: BUSINESS USE:
A38: Two datasets can be connected using
A39: a common key such as Product_ID.
A41: Example:
A43: Sales Data
A44: Product_ID
A45: ↓
A46: Product Master
... A58: Status: COMPLETED ✅
