Workbook

Sheet Sales_Data-practice
A1: Order_ID | B1: Product_ID | C1: Quantity | E1: Product Name | F1: Category | G1: Price | H1: Total Price
A2: O001 | B2: P101 | C2: 2 | E2: =_xlfn.XLOOKUP(B2,'Product_Master-practice'!$A$2:$A$4,'Product_Master-practice'!$B$2:$B$4) -> Laptop | F2: =_xlfn.XLOOKUP(B2,'Product_Master-practice'!$A$2:$A$4,'Product_Master-practice'!$C$2:$C$4) -> Electronics | G2: =_xlfn.XLOOKUP(B2,'Product_Master-practice'!$A$2:$A$4,'Product_Master-practice'!$D$2:$D$4) -> 55000 | H2: =G2*C2 -> 110000
A3: O002 | B3: P103 | C3: 5 | E3: =_xlfn.XLOOKUP(B3,'Product_Master-practice'!$A$2:$A$4,'Product_Master-practice'!$B$2:$B$4) -> Shirt | F3: =_xlfn.XLOOKUP(B3,'Product_Master-practice'!$A$2:$A$4,'Product_Master-practice'!$C$2:$C$4) -> Clothing | G3: =_xlfn.XLOOKUP(B3,'Product_Master-practice'!$A$2:$A$4,'Product_Master-practice'!$D$2:$D$4) -> 1200 | H3: =G3*C3 -> 6000
A4: O003 | B4: P102 | C4: 3 | E4: =_xlfn.XLOOKUP(B4,'Product_Master-practice'!$A$2:$A$4,'Product_Master-practice'!$B$2:$B$4) -> Office Chair | F4: =_xlfn.XLOOKUP(B4,'Product_Master-practice'!$A$2:$A$4,'Product_Master-practice'!$C$2:$C$4) -> Furniture | G4: =_xlfn.XLOOKUP(B4,'Product_Master-practice'!$A$2:$A$4,'Product_Master-practice'!$D$2:$D$4) -> 5000 | H4: =G4*C4 -> 15000

Sheet Product_Master-practice
A1: Product_ID | B1: Product_Name | C1: Category | D1: Price
A2: P101 | B2: Laptop | C2: Electronics | D2: 55000
A3: P102 | B3: Office Chair | C3: Furniture | D3: 5000
A4: P103 | B4: Shirt | C4: Clothing | D4: 1200

Sheet Sales Data
A1: Order_ID | B1: Product_ID | C1: Quantity | D1: Salesperson | E1: Product Name | F1: Category | G1: Unit_Price | H1: Total Sale | I1: P103 | J1: Ele-Category | K1: Mex Sale
A2: O001 | B2: P101 | C2: 2 | D2: Rahul | E2: =_xlfn.XLOOKUP(B2,'Product Master'!$A$2:$A$5,'Product Master'!$B$2:$B$5) -> Laptop | F2: =VLOOKUP(B2,'Product Master'!$A$2:$D$5,3,FALSE) -> Electronics | G2: =_xlfn.XLOOKUP(B2,'Product Master'!$A$2:$A$5,'Product Master'!$D$2:$D$5) -> 55000 | H2: =G2*C2 -> 110000 | I2: =COUNTIF(B2:B9,"=P103") -> 2 | J2: =SUM(R2:R5) -> 420000 | K2: {=_xlfn._xlws.FILTER(A2:H9,F2:F9="Electronics",MAX(H2:H9))} -> O001 | L2: P101 | M2: 2 | N2: Rahul | O2: Laptop | P2: Electronics | Q2: 55000 | R2: 110000
A3: O002 | B3: P103 | C3: 5 | D3: Priya | E3: =_xlfn.XLOOKUP(B3,'Product Master'!$A$2:$A$5,'Product Master'!$B$2:$B$5) -> Shirt | F3: =VLOOKUP(B3,'Product Master'!$A$2:$D$5,3,FALSE) -> Clothing | G3: =_xlfn.XLOOKUP(B3,'Product Master'!$A$2:$A$5,'Product Master'!$D$2:$D$5) -> 1200 | H3: =G3*C3 -> 6000 | I3: P101 | K3: O004 | L3: P101 | M3: 4 | N3: Zoya | O3: Laptop | P3: Electronics | Q3: 55000 | R3: 220000
A4: O003 | B4: P102 | C4: 3 | D4: Arman | E4: =_xlfn.XLOOKUP(B4,'Product Master'!$A$2:$A$5,'Product Master'!$B$2:$B$5) -> Office Chair | F4: =VLOOKUP(B4,'Product Master'!$A$2:$D$5,3,FALSE) -> Furniture | G4: =_xlfn.XLOOKUP(B4,'Product Master'!$A$2:$A$5,'Product Master'!$D$2:$D$5) -> 5000 | H4: =G4*C4 -> 15000 | I4: =SUMIF(B2:B9,"P101",C2:C9) -> 6 | K4: O005 | L4: P104 | M4: 2 | N4: Hamza | O4: Monitor | P4: Electronics | Q4: 18000 | R4: 36000
A5: O004 | B5: P101 | C5: 4 | D5: Zoya | E5: =_xlfn.XLOOKUP(B5,'Product Master'!$A$2:$A$5,'Product Master'!$B$2:$B$5) -> Laptop | F5: =VLOOKUP(B5,'Product Master'!$A$2:$D$5,3,FALSE) -> Electronics | G5: =_xlfn.XLOOKUP(B5,'Product Master'!$A$2:$A$5,'Product Master'!$D$2:$D$5) -> 55000 | H5: =G5*C5 -> 220000 | K5: O008 | L5: P104 | M5: 3 | N5: Fatima | O5: Monitor | P5: Electronics | Q5: 18000 | R5: 54000
A6: O005 | B6: P104 | C6: 2 | D6: Hamza | E6: =_xlfn.XLOOKUP(B6,'Product Master'!$A$2:$A$5,'Product Master'!$B$2:$B$5) -> Monitor | F6: =VLOOKUP(B6,'Product Master'!$A$2:$D$5,3,FALSE) -> Electronics | G6: =_xlfn.XLOOKUP(B6,'Product Master'!$A$2:$A$5,'Product Master'!$D$2:$D$5) -> 18000 | H6: =G6*C6 -> 36000 | R6: =MAX(R2:R5) -> 220000
A7: O006 | B7: P103 | C7: 6 | D7: Sara | E7: =_xlfn.XLOOKUP(B7,'Product Master'!$A$2:$A$5,'Product Master'!$B$2:$B$5) -> Shirt | F7: =VLOOKUP(B7,'Product Master'!$A$2:$D$5,3,FALSE) -> Clothing | G7: =_xlfn.XLOOKUP(B7,'Product Master'!$A$2:$A$5,'Product Master'!$D$2:$D$5) -> 1200 | H7: =G7*C7 -> 7200
A8: O007 | B8: P102 | C8: 1 | D8: Ali | E8: =_xlfn.XLOOKUP(B8,'Product Master'!$A$2:$A$5,'Product Master'!$B$2:$B$5) -> Office Chair | F8: =VLOOKUP(B8,'Product Master'!$A$2:$D$5,3,FALSE) -> Furniture | G8: =_xlfn.XLOOKUP(B8,'Product Master'!$A$2:$A$5,'Product Master'!$D$2:$D$5) -> 5000 | H8: =G8*C8 -> 5000
A9: O008 | B9: P104 | C9: 3 | D9: Fatima | E9: =_xlfn.XLOOKUP(B9,'Product Master'!$A$2:$A$5,'Product Master'!$B$2:$B$5) -> Monitor | F9: =VLOOKUP(B9,'Product Master'!$A$2:$D$5,3,FALSE) -> Electronics | G9: =_xlfn.XLOOKUP(B9,'Product Master'!$A$2:$A$5,'Product Master'!$D$2:$D$5) -> 18000 | H9: =G9*C9 -> 54000
A11: O005 | B11: {=_xlfn.XLOOKUP(A11,A2:A9,C2:H9)} -> 2 | C11: Hamza | D11: Monitor | E11: Electronics | F11: 18000 | G11: 36000
A13: Order_ID | B13: Product_ID | C13: Quantity
A14: O009 | B14: P104 | C14: 4 | D14: {=_xlfn.XLOOKUP(B14,B2:B9,D2:H9)} -> Hamza | E14: Monitor | F14: Electronics | G14: 18000 | H14: 36000
A15: O010 | B15: P101 | C15: 1 | D15: {=_xlfn.XLOOKUP(B15,B3:B10,D3:H10)} -> Zoya | E15: Laptop | F15: Electronics | G15: 55000 | H15: 220000
A16: O011 | B16: P103 | C16: 8 | D16: {=_xlfn.XLOOKUP(B16,B4:B11,D4:H11)} -> Sara | E16: Shirt | F16: Clothing | G16: 1200 | H16: 7200

Sheet Product Master
A1: Product_ID | B1: Product_Name | C1: Category | D1: Price
A2: P101 | B2: Laptop | C2: Electronics | D2: 55000
A3: P102 | B3: Office Chair | C3: Furniture | D3: 5000
A4: P103 | B4: Shirt | C4: Clothing | D4: 1200
A5: P104 | B5: Monitor | C5: Electronics | D5: 18000

Sheet Notes
A1: WEEK 02 — DAY 05
A2: LOOKUP FUNCTIONS
A4: XLOOKUP
A5: Searches for a value and returns the
A6: corresponding value from another range.
A8: =_xlfn.XLOOKUP(B2,$F$2:$F$5,$G$2:$G$5) -> 0
A10: Logic:
A11: What to find → Where to find → What to return
A13: VLOOKUP
A14: Searches the first column of a table and
A15: returns a value from a specified column.
A17: =VLOOKUP(B2,$F$2:$I$5,2,FALSE) -> #N/A
A19: FALSE = Exact Match
A21: LOOKUP WORKFLOW
A23: Key / ID
A24: ↓
A25: Search in Master Table
A26: ↓
A27: Return Required Information
A28: ↓
A29: Calculate
A30: ↓
A31: Analyze
A33: PRACTICAL USE
... A53: Status: COMPLETED ✅
